{
  "accuracy": 0.9648760330578512,
  "classification_report": {
    "0": {
      "precision": 0.9772888573456352,
      "recall": 0.9863896848137536,
      "f1-score": 0.9818181818181818,
      "support": 1396.0
    },
    "1": {
      "precision": 0.5581395348837209,
      "recall": 0.42857142857142855,
      "f1-score": 0.48484848484848486,
      "support": 56.0
    },
    "accuracy": 0.9648760330578512,
    "macro avg": {
      "precision": 0.7677141961146781,
      "recall": 0.707480556692591,
      "f1-score": 0.7333333333333334,
      "support": 1452.0
    },
    "weighted avg": {
      "precision": 0.9611233187382886,
      "recall": 0.9648760330578512,
      "f1-score": 0.9626513064529594,
      "support": 1452.0
    }
  },
  "n_samples_train": 5806,
  "n_samples_test": 1452
}