{
  "train_loss": [
    2.1558660896823176,
    2.0374527829530775,
    1.9786631953201606,
    1.9346162235862037,
    1.9187078408488314,
    1.9158005564187761,
    1.9145019991255976,
    1.9103419318221413,
    1.8875743559667082,
    1.8308470564934587,
    1.7667135778497232,
    1.69538297404208,
    1.6511720532297114,
    1.627505869403603,
    1.6235274125147032,
    1.6262029817669088,
    1.629045473026979,
    1.6208715232278252,
    1.5972261409358912,
    1.571696650745432,
    1.531634205211141,
    1.4966216510902903,
    1.4728699283393984,
    1.4626038404162038,
    1.4662535194755295,
    1.4759087286446169,
    1.484786762726627,
    1.4746560311790387,
    1.457440032703039,
    1.429122105605961,
    1.3906608383880892,
    1.3637638296519028,
    1.345457206807309,
    1.3482809530673254,
    1.3606486157052298,
    1.369548419079675,
    1.372609981369388,
    1.3594898493175884,
    1.3394376036027487,
    1.3035159613871936,
    1.2699913298722048,
    1.2524860376794251,
    1.2461558280636578,
    1.2557987965808588,
    1.2683630086994504,
    1.2740854505827715,
    1.2754160289934107,
    1.2500499073794176,
    1.2288387905688938,
    1.195353332763514
  ],
  "val_loss": [
    2.1195137821711025,
    2.087567675572175,
    2.0361226395918774,
    2.017446435414828,
    2.013749667085134,
    2.010199495233022,
    2.0030747823990307,
    2.016180615012462,
    1.9686101216536303,
    1.9017305202209032,
    1.825866481432548,
    1.7879393748365915,
    1.771681384398387,
    1.7654595936720188,
    1.762463969679979,
    1.7741700794834356,
    1.7574034178486238,
    1.745176264299796,
    1.731767394221746,
    1.7052258774638176,
    1.6855002630215425,
    1.6438109553777254,
    1.6403953049045343,
    1.636746567602341,
    1.6315319446417003,
    1.6510519929803336,
    1.6417518424300046,
    1.641765796794341,
    1.615657590329647,
    1.5781331188403642,
    1.5634415751466384,
    1.5453916868338218,
    1.5435274770626655,
    1.5483404048360312,
    1.5446190375548143,
    1.5566647350788116,
    1.559224013525706,
    1.5288528192501802,
    1.495384031190322,
    1.478948217171889,
    1.4764852712933834,
    1.4747203892240157,
    1.474706813119925,
    1.4921393050597265,
    1.483943838912707,
    1.4894106101531248,
    1.47318789936029,
    1.4721542602548232,
    1.4561963889461298,
    1.4340576764482718
  ],
  "learning_rate": [
    8.922834512354107e-05,
    6.160140266699431e-05,
    2.9142925738792464e-05,
    5.979440047464617e-06,
    2.1921202840322068e-06,
    1.942927761611352e-05,
    5.018898437371341e-05,
    8.108405084798552e-05,
    9.866837629363221e-05,
    9.528893909708436e-05,
    7.241653243643806e-05,
    4.00056480588651e-05,
    1.2162098520164604e-05,
    1.0039083119111032e-06,
    1.138732688740512e-05,
    3.879329964733227e-05,
    7.129424355639657e-05,
    9.474515049550382e-05,
    9.893975476412802e-05,
    8.205248749257436e-05,
    5.143299776592145e-05,
    2.0407450264120432e-05,
    2.4787334737400453e-06,
    5.449754451093474e-06,
    2.8027470262897255e-05,
    6.038564403547388e-05,
    8.844140383707878e-05,
    9.998436736954147e-05,
    8.99908247571756e-05,
    6.281014941467176e-05,
    3.0271870800556323e-05,
    6.537245783730562e-06,
    1.936019386555134e-06,
    1.847072990231551e-05,
    4.894516742564095e-05,
    8.009629666136092e-05,
    9.836657364425757e-05,
    9.580443804475201e-05,
    7.352497836484679e-05,
    4.1224624928013624e-05,
    1.2961085193210446e-05,
    1.035171104290835e-06,
    1.0637259657301143e-05,
    3.758834543865655e-05,
    7.015882058643375e-05,
    9.417341570854665e-05,
    9.918053764728614e-05,
    8.300099490978606e-05,
    5.267642185674349e-05,
    2.1404630011526323e-05
  ]
}